Date,Crude Oil Price (USD/barrel),USD/BRL,IBOVESPA
2022-01-01,80.38926308981263,5.003752255884073,114913.27225701918
2022-01-02,74.23641484001978,5.116367829238876,115360.94634367785
2022-01-03,73.87771326882469,5.068659614960145,124434.18362563787
2022-01-04,80.8481777443856,5.103637457350126,105568.25821227688
2022-01-05,82.99905245168601,4.767930729969293,108670.23967636716
2022-01-06,71.99744566027306,5.32094989749187,123889.15033397503
2022-01-07,87.99313732293437,4.899889413554158,106087.53765065201
2022-01-08,70.19705879001964,5.121736039388989,105582.30278794943
2022-01-09,94.34136038042247,4.797835097441422,120800.8970309683
2022-01-10,73.5060281431754,5.687444287214365,103050.9264751983
2022-01-11,89.16490621029499,5.018335415278848,122493.57049145381
2022-01-12,78.5745612021225,5.0735102623088375,121295.00180909607
2022-01-13,90.45396886808022,4.9448897748213545,105449.55951845596
2022-01-14,80.98855210084406,5.605301099604336,108783.56087938554
2022-01-15,78.66708040253012,4.851136789146069,105978.2520217507
2022-01-16,67.17296596499457,5.316561021810949,100269.60597851354
2022-01-17,92.9805105991458,5.482376167135735,116188.42164184719
2022-01-18,90.73311405308338,5.141888183832564,113192.7878960352
2022-01-19,75.48128335366309,5.115606630043795,121258.37538578908
2022-01-20,80.61361034527646,5.641156427331072,108811.00801410365
2022-01-21,71.21711443367943,5.54798923871149,126929.86578621637
2022-01-22,76.37133209658221,4.718441016253564,109278.13290839343
2022-01-23,75.34281136263945,4.947265011129894,120960.99628789218
2022-01-24,94.46532637530224,5.6878287669747465,112309.49705245924
2022-01-25,85.63574946485602,4.840117665334162,109865.97846962907
2022-01-26,92.45213061569315,5.1322951226177835,121982.77060988985
2022-01-27,74.06657801138107,5.017950943336866,124918.91749621861
2022-01-28,86.13947078913475,4.934974040060459,106473.83017323432
2022-01-29,85.59868028317896,5.611342301281951,111443.88085895477
2022-01-30,69.57331077831773,5.752609674270505,105433.14334979162
2022-01-31,76.68656034181517,5.345124538309528,123222.97782667962
2022-02-01,90.72628391000526,5.369023362721505,124668.24542088388
2022-02-02,71.34264147163823,5.781281036080299,107756.87592042013
2022-02-03,80.56040164921461,5.77104251825996,120123.7971173185
2022-02-04,73.77476208243942,4.852553638719009,124418.69204906402
2022-02-05,74.4223122343313,5.5588332644487535,106985.77298839217
2022-02-06,68.24771715687193,5.239359189739631,103069.82768124728
2022-02-07,77.85227829018211,5.215610833730618,112837.95166742573
2022-02-08,87.60794733411367,5.311808526324643,102333.96378505898
2022-02-09,82.7371326105313,5.230165255349184,109233.5083291127
2022-02-10,91.11650809026018,5.169117379571655,122200.86517749749
2022-02-11,90.63360789623417,5.269144308451918,116496.22837239901
2022-02-12,67.2925147781755,5.77679358906314,96431.23820267315
2022-02-13,85.20743622913164,5.701525644630111,105570.26646987337
2022-02-14,80.60887187143798,5.6288300950500405,124840.15935183599
2022-02-15,92.67559002768232,4.81537634706203,96866.31790509162
2022-02-16,77.20618037349313,5.269645729336105,125059.46136839832
2022-02-17,91.47093704189928,4.73307133276141,125647.19751381312
2022-02-18,70.36821512104007,5.615232442857023,100875.59720074311
2022-02-19,92.262025122726,4.991811496882213,95300.48488062627
2022-02-20,67.10169714186827,5.680058771465509,117345.63568176804
2022-02-21,71.62873286546578,5.243040425063287,107001.12517204639
2022-02-22,67.07982958770113,5.521399422701821,116245.99553444839
2022-02-23,91.44594137789989,5.734241115475864,99611.93987665119
2022-02-24,68.00270577404943,4.7397351077233,119110.15273565377
2022-02-25,79.2219630831653,4.716435168016895,108308.150499806
2022-02-26,72.64972335504521,5.469511618453622,117758.36186616731
2022-02-27,86.8729391644719,5.464457877227393,123125.18330423275
2022-02-28,88.19533946155164,5.228546253649375,115560.82986203508
2022-03-01,85.10559375875552,4.892835596773034,111415.14548308367
2022-03-02,88.57133597610932,5.318093516303699,112923.16455821134
2022-03-03,79.03375047982263,5.29406086306405,111021.16911352708
2022-03-04,80.1943564594232,5.50709953270384,106939.69757211479
2022-03-05,77.30445336216538,5.392344552365598,112547.14931126585
2022-03-06,81.61962740024518,4.815042872574956,116606.57745579585
2022-03-07,71.05902903878005,5.295724757713032,121815.87460490486
2022-03-08,88.09036057242957,5.073858499441171,98435.81463247263
2022-03-09,68.06295534066567,5.091258241231057,108700.21985766674
2022-03-10,68.37813598517847,5.458607692920063,109694.31574677283
2022-03-11,79.40341144606855,4.8484534427039545,111502.31154023475
2022-03-12,91.64732242551682,5.262944557594258,96702.00898095968
2022-03-13,71.7882079366348,5.587796030906077,96418.72019450055
2022-03-14,74.06057463893735,5.264990158128676,109169.299450087
2022-03-15,73.17928968207521,5.207697322902165,104983.23226917905
2022-03-16,75.66397291121758,4.825210429234654,104136.7466203737
2022-03-17,69.92622704073473,5.0604815394182285,113665.76452846831
2022-03-18,85.35914898977383,5.331126991724889,98572.28638024822
2022-03-19,70.96944096135769,5.411653507362404,117853.79927048025
2022-03-20,74.64759677816271,4.951332010705922,124801.29712216328
2022-03-21,74.48941728181491,4.8571588289823735,114829.35452154189
2022-03-22,89.94991676485006,5.543349344830766,124726.9342463397
2022-03-23,91.99642280642341,5.588908244118672,116489.61623586173
2022-03-24,78.66541604797314,5.470400833430876,103878.64200679639
2022-03-25,85.7552136327953,5.557930385880537,110944.94628452157
2022-03-26,81.15806508186856,5.736778138528114,116287.04013536955
2022-03-27,84.47429381161352,5.751978028116512,126209.18879228648
2022-03-28,70.87587160960781,5.596412903658218,115996.93919712809
2022-03-29,82.05221933530902,5.058816655430362,97841.62757700562
2022-03-30,84.62213914601733,5.795116346866737,118933.76230802006
2022-03-31,73.70561096829331,4.80846535109531,112646.11327314665
2022-04-01,78.36890049002727,5.500266070125682,122776.32936469675
2022-04-02,92.08381455862309,5.040829109555545,114663.3450799205
2022-04-03,90.80740667646201,5.367300711384736,124864.54298801052
2022-04-04,78.06780096262581,5.5851247250279865,119935.15238567784
2022-04-05,88.36493668119797,5.7595891872425184,118448.71392622439
2022-04-06,68.95368768547074,5.256612553409651,107153.2019022674
2022-04-07,79.53967447644284,5.539988598458801,98746.70029530663
2022-04-08,89.01285459023578,5.066204283426774,96699.65822270639
2022-04-09,81.79362609442025,5.014547095427792,108737.90408456505
2022-04-10,85.37374099803615,5.213053792154119,124640.97936962667
2022-04-11,71.1599500069223,5.018273907559115,113044.04231739382
2022-04-12,67.86543064516663,5.147904317395679,117745.8802773829
2022-04-13,84.85711620787164,5.382481632749394,102662.02222992068
2022-04-14,74.63794106972286,5.591830129576839,107834.23471628362
2022-04-15,85.20978306477988,4.7983413966966895,122905.16265336666
2022-04-16,75.53254979161713,5.182472316827448,124746.8474954886
2022-04-17,88.37147045463759,5.657515495619519,104734.19641668415
2022-04-18,67.30024710265187,5.112115299918569,123095.71858287949
2022-04-19,79.45495252989912,5.3796489358610735,115999.82407721314
2022-04-20,73.48581401583243,5.47909979093987,102154.85890660257
2022-04-21,77.96290908117216,5.766640099697283,119973.30271700937
2022-04-22,74.8111037931405,5.494531735931263,124762.15429878149
2022-04-23,78.8715460464789,5.092511771324703,103270.48578482313
2022-04-24,76.79072077544832,5.619925890938958,111466.8711842687
2022-04-25,74.79545810959871,4.858099431728899,121134.6110497201
2022-04-26,91.80301529917739,4.812934006466279,104629.1396949414
2022-04-27,83.24544725240537,5.420343390297197,118164.58016684082
2022-04-28,67.4642306626445,5.475177936137262,96527.6254171259
2022-04-29,89.31494838962008,5.336980179442874,112392.79777737604
2022-04-30,77.62663338163316,5.3532417450824745,96676.424492794
2022-05-01,77.23992533536587,4.867277219579878,124430.57488480829
2022-05-02,75.80699551851815,5.277394397126304,109533.76907248041
2022-05-03,84.02064202669047,5.3590934046028345,95092.01512211753
2022-05-04,78.67219401372942,5.563984730617001,104071.1866755854
2022-05-05,88.76989093452615,5.193737613136479,102596.35073172957
2022-05-06,70.70302095671879,4.878094092815708,120193.48520995777
2022-05-07,90.41850503400373,5.5594868182917,124270.43774265167
2022-05-08,67.50833832791481,5.306709953471561,122139.26521828797
2022-05-09,84.03878621989969,5.575930511564802,102526.56001967695
2022-05-10,67.94021875770311,4.7769310599080095,113872.6464957559
2022-05-11,80.54805152274426,4.979291005531941,111176.83599149606
2022-05-12,69.55225860808214,5.791061889353374,120619.34584531616
2022-05-13,79.25423843783553,5.434060361021979,110691.60922910576
2022-05-14,88.06266526194977,5.125829047079577,110512.72698622517
2022-05-15,72.75242033710444,4.732575857429794,96272.11346276836
2022-05-16,72.58229079503054,5.406257541508767,115135.31031854343
2022-05-17,93.37476286738051,5.376809620956121,95462.74155399893
2022-05-18,83.74293528146791,5.621343940352783,118358.72027207677
2022-05-19,69.73190830517844,4.891530583328081,100642.52705180336
2022-05-20,76.93867488574341,5.694675327073018,118198.41515673864
2022-05-21,87.21608403116649,5.030170464581943,107377.2712618988
2022-05-22,69.5713538315648,5.762001829139141,122269.85607882663
2022-05-23,68.22543079657294,5.193481851575293,121666.44125792722
2022-05-24,85.46858502947298,5.002953063910727,117581.44473493818
2022-05-25,91.67682985079695,5.148797066808499,112555.07844117713
2022-05-26,76.61428252110785,4.861037007382326,100582.27211187861
2022-05-27,93.19626287802417,5.589691789103961,104073.94401404978
2022-05-28,75.40143282028298,5.447095359551945,117794.64392095931
2022-05-29,73.1977152942668,5.463695404854354,98376.01089014605
2022-05-30,80.43621415595169,5.233405605775077,118344.4949377695
2022-05-31,74.91071583834338,4.703556684773533,110899.59669345088
2022-06-01,78.55972505148434,4.708158424959763,101355.32367580435
2022-06-02,73.6137524223518,5.437279928231922,109375.52581243767
2022-06-03,86.50073954856202,5.488045024554012,97701.85610503795
2022-06-04,91.44828718782483,5.345346522381389,118742.66631013514
2022-06-05,71.27336524207847,5.795081693221286,125350.624762797
2022-06-06,92.33820518206183,5.700067319438421,108866.53340012442
2022-06-07,73.03879147828052,5.534238275599761,111457.83712715411
2022-06-08,86.16957020103627,5.755226364919054,126808.99379762221
2022-06-09,83.02665136160037,5.044185485590405,121533.8514922786
2022-06-10,74.6929527506808,4.943482221985143,115437.96773050915
2022-06-11,92.55080051031848,4.985548145960484,109791.86017365538
2022-06-12,67.56901996530607,4.843976901673033,99858.19978937878
2022-06-13,69.16159228536442,5.291502193161023,106708.09262597232
2022-06-14,91.14421219305909,5.545499680754275,114678.32511843745
2022-06-15,91.52609293210736,4.858397013224056,116627.85196004805
2022-06-16,89.08289911680322,5.680579673132704,116341.62092707359
2022-06-17,89.02617261583612,5.798168594222389,102943.64889164094
2022-06-18,70.01880214440082,4.897654373030607,101182.57943291285
2022-06-19,77.14046142586065,5.726076975673452,119193.24125027965
2022-06-20,82.68996289700712,5.189352279871339,98727.44177319494
2022-06-21,67.20384243634521,5.130911805001235,101040.16506261575
2022-06-22,93.52503808737876,5.461232159122872,125170.43647054362
2022-06-23,87.27789596813355,4.956770946808627,122227.9658065383
2022-06-24,80.92154300735608,4.893336781174883,103707.52614328662
2022-06-25,68.41826443341732,5.232738367587703,113915.88405269342
2022-06-26,81.45364512653462,5.468829708318504,120441.91865140616
2022-06-27,73.023019717755,5.083943767472205,106402.55488161974
2022-06-28,79.4425152129031,4.85301877820857,117412.76791248145
2022-06-29,76.82612576397128,4.709589076906754,100515.96026761294
2022-06-30,71.52618243339366,4.792919941270716,106574.75166617922
2022-07-01,91.51321760981108,4.747402168345938,126006.51129218243
2022-07-02,80.78569031054934,4.9986996146187535,102847.81657330852
2022-07-03,92.80719712835503,5.387243544241386,123682.15738064153
2022-07-04,83.0848699560807,4.821604155995436,124122.2958479501
2022-07-05,78.69478977698348,5.757881501723491,112690.94816486137
2022-07-06,76.63354322712019,5.106898080869584,114605.88776039214
2022-07-07,86.62829025407262,5.467158170914954,115639.38258267846
2022-07-08,91.79250327735379,5.768604079359039,114540.22151747739
2022-07-09,92.93586389527053,4.720872421542995,121860.29057957944
2022-07-10,86.54567028151425,5.273195425100509,117695.76341538165
2022-07-11,81.8641446538719,5.2352306289927535,117432.69141414967
2022-07-12,81.37756546363906,5.633608735572286,119492.25192552045
2022-07-13,84.60349101685713,4.711771921616761,97444.31604356926
2022-07-14,90.88065828057387,4.921046796415269,105180.02277794477
2022-07-15,80.33712147809612,5.296778378423886,102081.0561642876
2022-07-16,78.1570906136286,5.34319134033929,114719.367098354
2022-07-17,94.7593183237583,5.11702506927585,117276.8789289252
2022-07-18,85.5807272249819,5.1060436639505795,110583.90146905887
2022-07-19,77.98998451370652,5.2097899619318255,117443.50111706331
2022-07-20,93.02161223575632,5.229878852535318,126507.85387300733
2022-07-21,71.33628734247945,4.7069875989085075,107142.2951000979
2022-07-22,78.72018652043704,5.149912370116288,116120.26728156263
2022-07-23,76.95435279714901,4.836754668417512,96742.51104364506
2022-07-24,90.10520607434427,5.460320387534828,112815.11018146428
2022-07-25,84.0986753727156,5.306643566969806,110769.01915993333
2022-07-26,87.0602396081599,5.010915081978345,98276.47782578024
2022-07-27,85.29133367430788,5.339417911755487,114844.45494032986
2022-07-28,85.24253339468149,5.031939712715699,104115.68051800395
2022-07-29,90.54151775567078,5.678176273478654,125494.17345965221
2022-07-30,88.44740065572924,5.181945019497504,114794.61306826585
2022-07-31,93.00073666250697,4.7212938418834245,115396.43642598542
2022-08-01,83.39416595582254,5.385935965940831,126247.61194821596
2022-08-02,77.15399591699114,5.475111591796075,126774.01756202505
2022-08-03,89.12806241474848,5.73716550186697,108103.26767537642
2022-08-04,88.0749675104804,5.459113275785368,106285.56963154733
2022-08-05,83.14370961344645,5.453631896426798,108338.85290469084
2022-08-06,72.53917391078325,5.577280080098268,114449.3709451336
2022-08-07,85.45000463170409,5.378019603147624,122306.5495592232
2022-08-08,83.41737719693661,5.159706226889189,126349.29410721852
2022-08-09,82.57039234266588,4.935676109400416,103129.37466586134
2022-08-10,92.42767553165258,5.762549156279358,115500.90271356353
2022-08-11,93.24299397888589,4.869234351270155,100819.6813110138
2022-08-12,71.20491425581136,4.760212009075379,118804.93766122883
2022-08-13,76.44299024723567,5.653195704672384,96836.58667662212
2022-08-14,89.23441098538989,5.5876733100306435,96344.39706891683
2022-08-15,85.02682528007885,5.748310660414212,111469.87922213548
2022-08-16,90.91150966424843,5.021479932777934,122823.79137144772
2022-08-17,77.3839982443013,5.3059257806422835,100655.40239868447
2022-08-18,82.92040809288211,5.500314751534799,104806.16142333744
2022-08-19,92.58949239342118,4.88731074008545,95098.99180817814
2022-08-20,85.58438281150144,5.739290452922262,111571.53568614111
2022-08-21,72.68929806836512,5.658148533014247,107722.99784804224
2022-08-22,90.45160665081552,5.542306567266547,109648.26780950533
2022-08-23,71.90193833678924,5.161266162663665,103930.1566806451
2022-08-24,76.55852400998415,5.032492593941319,103105.36848334159
2022-08-25,87.23687328758058,5.059310598134236,121439.82487249424
2022-08-26,82.82619597458469,5.166614006499472,112360.80931249363
2022-08-27,89.81912314984233,4.9043985012086395,96338.50962022583
2022-08-28,71.33541257154975,5.148887705325806,104534.86994306043
2022-08-29,88.87829100965747,4.960788158803916,109944.08138186298
2022-08-30,77.78884259546123,5.220579789470071,116108.74811334189
2022-08-31,94.53186916152633,5.792054147864532,113016.75843084327
2022-09-01,88.20865491342083,5.0725543274867455,114029.4175086919
2022-09-02,78.148292063183,4.8757751701362135,96399.70533920321
2022-09-03,77.08366091409202,5.457123855804613,114267.50087153725
2022-09-04,67.62368870756711,4.901000477692003,118054.73168560947
2022-09-05,82.4658071938775,4.742677208659723,118626.8964340432
2022-09-06,78.7493328176846,5.086870107103549,100395.16910666926
2022-09-07,92.59777914758885,5.365043679096724,99266.78018633381
2022-09-08,92.87096728997517,5.18471890434775,109379.89502171557
2022-09-09,89.68783495446112,5.530989344702081,100043.36575505843
2022-09-10,70.76997425159885,4.9712966098924785,112724.31875746726
2022-09-11,67.77185884839483,5.267339024566658,95936.24122830134
2022-09-12,83.44490661954407,5.339429773317654,105115.44354728039
2022-09-13,70.70808975155597,5.007015266182004,122814.35986629277
2022-09-14,88.71598887121688,4.962645073238798,102239.54293412439
2022-09-15,88.7809709886422,5.207204710995292,98911.5251504912
2022-09-16,69.81733794625467,5.288952045980387,122412.9452562017
2022-09-17,69.92683530088492,4.844954458964558,101990.23275876915
2022-09-18,91.95993931962879,5.785132070473371,103441.30584087296
2022-09-19,67.91757168621965,4.87152427636584,98751.31451940925
2022-09-20,90.46863966178753,5.064286512597181,116098.15201308668
2022-09-21,76.97827269098859,5.400474108109809,114636.5990568525
2022-09-22,76.47909398968905,5.238041649744981,96764.82304304087
2022-09-23,93.25738983954668,4.755647180705036,103305.08776657014
2022-09-24,89.71512228008645,4.915881985699518,118942.52058949281
2022-09-25,72.16610515429066,5.503822362212274,110177.90779907678
2022-09-26,67.80986865512762,5.725322734870067,117051.23079584399
2022-09-27,81.1526444659666,5.091902960947974,115411.81320213762
2022-09-28,72.97236280980569,4.968817929820446,107593.4024496133
2022-09-29,92.6430269754216,4.754737316745517,104873.30179481299
2022-09-30,73.48610480836233,4.971539141608593,121499.03559913547
2022-10-01,67.18350841562003,5.243148383156297,126654.7873703227
2022-10-02,80.10819388323416,5.389032744827188,124040.89102050263
2022-10-03,91.46889123761049,5.01013901956042,103986.4737668391
2022-10-04,85.59387667078194,5.140356809635508,105504.95530979137
2022-10-05,83.3046997041768,5.090604309009795,107673.40306204559
2022-10-06,84.0243257560233,5.217632375533558,105838.6818171642
2022-10-07,78.40473752400777,5.294138286673807,102267.98743618064
2022-10-08,73.26408463971802,5.147545775217056,108874.98076234652
2022-10-09,79.73990284799898,4.8663902018232505,115009.01900266806
2022-10-10,74.90658715014442,5.234001841078729,105419.37323893572
2022-10-11,73.09168579978332,5.0954880720816496,116901.69822744725
2022-10-12,74.97938720523815,5.2414038572919575,123128.3383703699
2022-10-13,70.09869050576631,5.058033680308221,124646.03107869049
2022-10-14,66.90796978511435,5.267444960227181,96572.43338811384
2022-10-15,79.72026237916205,5.7463676657019835,107068.78050864433
2022-10-16,94.4916726569041,5.476543191858564,117535.42411678495
2022-10-17,73.29301495414853,5.428614064638768,115542.16335006194
2022-10-18,78.65621795657117,5.221407010374351,108852.82963239646
2022-10-19,93.63370481944052,4.753441225571613,105676.79196311586
2022-10-20,68.94270635357212,5.621559768079119,122348.39535396818
2022-10-21,70.37386025329347,4.760138320072251,120353.69643562559
2022-10-22,84.0041986651659,5.298063836483251,114343.1457716852
2022-10-23,86.45109168357686,4.766589203346167,124055.6133464322
2022-10-24,94.52158692673386,4.738934260297421,107819.66647065672
2022-10-25,92.58278857680905,4.930688140240224,117810.06484900835
2022-10-26,77.26413936601745,5.330689622455834,119526.91072446607
2022-10-27,94.79748654352483,5.075092713445926,122308.19773115207
2022-10-28,93.66658496654729,5.471719898497874,105293.20362333576
2022-10-29,68.23482355068418,4.91178495665141,109265.76871952704
2022-10-30,69.38468627701619,5.4247992457517125,113896.42627052384
2022-10-31,74.91209801388096,5.393369260367338,124056.26273165285
2022-11-01,67.85937222649459,5.600701963398972,120998.39960634212
2022-11-02,74.32156675801389,5.539500994487201,99139.52955125668
2022-11-03,89.83984456049748,5.053761007111134,103664.39860765266
2022-11-04,94.01510644378679,4.888129887481489,110603.14751033968
2022-11-05,78.46577718930902,4.718088110022974,109034.52408840561
2022-11-06,74.53783924770538,5.522948935812838,106914.20214070397
2022-11-07,87.27478456107636,5.377890424351287,110948.80512223899
2022-11-08,87.58430799332106,5.777057348031847,116546.42581581051
2022-11-09,84.93695495087955,4.70775532338508,124228.78139026712
2022-11-10,70.97010797785505,5.080303518199832,122991.902700283
2022-11-11,66.9645148464983,5.698842156237417,116690.4424645024
2022-11-12,69.21783023369248,5.203902921481905,110502.88740644143
2022-11-13,71.16335604354398,5.058657110443341,108854.25647630845
2022-11-14,71.01882022900817,5.790269612540497,108463.63152357293
2022-11-15,70.17017336601997,5.6840285596598195,113285.52164029912
2022-11-16,91.66676789590792,5.120369280288518,125498.4571620446
2022-11-17,78.20729241520027,5.5763521276896135,121671.58498374274
2022-11-18,81.33956556403486,5.367744936506933,123472.16541457885
2022-11-19,77.55913743977938,5.339573997764342,119612.09553975337
2022-11-20,77.90093258088446,5.317153315066742,96590.53486140208
2022-11-21,69.06496523865681,5.234544349439146,116096.85032165126
2022-11-22,72.75866620088826,4.89996172128155,119179.40805196042
2022-11-23,91.82543028933316,5.155587186347308,112203.8298462078
2022-11-24,94.74157886266691,5.6678163775065675,108374.2129836192
2022-11-25,83.26427362281912,5.576783610970161,100299.35213823454
2022-11-26,81.6736934084332,5.745352561921846,98527.96175240885
2022-11-27,82.19736399054928,5.7284485327551256,116218.82157404495
2022-11-28,80.35319344705538,5.0335222611037675,110686.4325123807
2022-11-29,70.18924796796291,5.641580253356517,104767.82307231035
2022-11-30,74.58736417581983,4.708339439934843,119983.04524737508
2022-12-01,83.61763747432487,5.122952866170058,122831.81424745802
2022-12-02,70.38239528900826,5.539165970865902,121870.89862634704
2022-12-03,86.29894446501764,5.107540820099839,108385.2367025293
2022-12-04,79.61653098903871,5.75721027717989,110996.51495709387
2022-12-05,78.13566134762152,5.686702606863355,116987.23849295356
2022-12-06,71.08126827808385,5.510892474011581,104959.32812129645
2022-12-07,69.2731853713478,4.702964666149691,117870.70160792803
2022-12-08,84.84191197326527,5.421018549345043,96078.41626684672
2022-12-09,68.51667880577502,5.789676894968933,122746.4725335048
2022-12-10,89.91751005923484,5.095835727420896,113736.06565098347
2022-12-11,83.0867252307426,5.065010196102915,119597.2687087413
2022-12-12,72.62585590955027,4.827171651007617,120137.28640039988
2022-12-13,85.836572860659,5.032243701418959,102329.56826017809
2022-12-14,91.85748814838874,4.830493400769754,113962.82389056892
2022-12-15,92.58565964019726,5.420023814915951,97107.88150348041
2022-12-16,93.68542933524144,5.465693887195741,105529.65908831412
2022-12-17,73.26833492516269,4.9256468656154135,117519.48806761489
2022-12-18,78.23396600849995,5.73455211814569,118589.88818401868
2022-12-19,79.54335598471,5.470010159602981,126201.97617514915
2022-12-20,71.34933454415648,5.544401924134714,101174.53418887516
2022-12-21,76.31666282146034,4.763604417342603,95198.78633515228
2022-12-22,71.90537705747798,5.527145463378907,115586.5192527707
2022-12-23,89.61954171525042,5.780950749707211,99792.68786563216
2022-12-24,69.4968372411549,5.745545113600453,105926.62934660196
2022-12-25,93.86518642635052,4.8793891472633115,107330.22916077384
2022-12-26,73.16239405805386,4.806653029379544,119953.48546485191
2022-12-27,70.02733519756572,4.934307562068083,117934.23633801923
2022-12-28,67.93294182082526,5.6818630883277175,96694.6974826117
2022-12-29,76.69100794320795,5.495518344396494,101789.29183620604
2022-12-30,74.51293872846318,4.885479993922985,104099.4444339979
2022-12-31,85.10808153412466,4.909702173774492,124172.040669295
2023-01-01,81.21487196352287,5.4185396543258815,118302.97640596873
2023-01-02,94.5795464887931,4.777214421375005,100955.41789477077
2023-01-03,68.39237348604456,4.978675912619634,122158.17472560811
2023-01-04,94.51278819263734,4.851939749424882,119297.18925210022
2023-01-05,66.89631275821984,4.927986840307065,97093.8975048693
2023-01-06,94.56605267071711,5.161951127815784,124657.14273992358
2023-01-07,94.34659126047028,5.0728563158115065,113653.17078075868
2023-01-08,84.12844769133736,4.935225862496998,104268.10060788477
2023-01-09,68.84367094868405,5.128493734294985,101615.57436681347
2023-01-10,84.84422584790119,5.053493328921991,101457.96684832717
2023-01-11,87.7131922815389,4.99404191827275,98687.74790719869
2023-01-12,86.93585271551548,5.4710330727868834,95875.0672150104
2023-01-13,78.87228884519337,4.724627619040324,107382.03200770196
2023-01-14,83.0729661607107,4.957185985795568,124968.0361295767
2023-01-15,92.4340605501861,5.766435801162823,98427.93843098407
2023-01-16,74.76389692125962,5.477279375736417,99457.55778618183
2023-01-17,90.07386497758307,5.2466752376048715,126618.47374562711
2023-01-18,80.69611378664221,4.784966968904914,95468.17101408634
2023-01-19,84.44548980989866,5.013608668091244,117725.09716880607
2023-01-20,82.69076279216051,5.276539003888139,109271.49713673348
2023-01-21,74.68287369724567,5.450507462347884,118938.93027810076
2023-01-22,71.95659269081062,5.316320273645953,124952.28112614267
2023-01-23,73.22904612201552,4.891605459098979,125763.11218769438
2023-01-24,78.18659316324695,5.566795115674984,111703.01711945038
2023-01-25,85.86423595053371,5.794185784919083,95324.83297435289
2023-01-26,87.31960340277747,5.140773324851846,116245.26047850789
2023-01-27,74.1995009068965,5.269229897191996,105878.46648139253
2023-01-28,85.49577348311324,4.921635462754135,121884.76778635956
2023-01-29,77.56671658451545,5.30843152613182,104904.4235257482
2023-01-30,70.9549851560116,5.039095323811268,95996.69727686743
2023-01-31,67.55508345013266,4.777822056480246,116584.15947611241
2023-02-01,79.70676449531682,5.411624950471889,113668.17328889566
2023-02-02,82.43809600770035,4.9886449372395205,117721.03400837748
2023-02-03,83.41347190989184,4.961246435428014,98707.60332516656
2023-02-04,90.51536365274663,4.935765659194461,121449.4256810548
2023-02-05,77.90121845501773,4.833986940587083,95198.95076468374
2023-02-06,90.7733986559225,5.621368678464171,107364.18015773052
2023-02-07,66.8391088013306,5.3355632672107,110123.52768346196
2023-02-08,86.43953437443616,5.555310000472584,113855.08176058476
2023-02-09,93.45448917687852,4.970848618295005,119269.1065622334
2023-02-10,79.98525055503556,4.711519086806541,113407.58128207279
2023-02-11,92.49210626021654,5.187802089870728,97886.22317790323
2023-02-12,82.10533534183965,4.911650155709307,106926.6662827661
2023-02-13,86.78526129999398,4.820228572764338,106275.02454604061
2023-02-14,82.19117187449199,4.726412127340198,108826.68245757259
2023-02-15,91.71982061123721,5.129195595414712,113576.98610699823
2023-02-16,71.20299318214886,5.0702491788374475,113565.82967831765
2023-02-17,85.39162732847657,4.8093421227606985,95343.44496213457
2023-02-18,67.09514392740931,5.775024816951139,96073.95478180046
2023-02-19,94.22232586863122,4.863358450021899,125675.9774559259
2023-02-20,85.85362108938281,5.694062643669443,101952.0754876278
2023-02-21,93.40493929765593,4.845676065387602,114326.42252913298
2023-02-22,76.56705823974784,4.897060797045065,114398.19410573022
2023-02-23,90.98726838967858,4.801979975629855,108345.22208978438
2023-02-24,78.69247531957492,5.36840409237726,125003.06089355596
2023-02-25,74.22896142821486,5.289624923471344,116026.43648438525
2023-02-26,77.5313671886152,5.631367587090245,115112.31502327662
2023-02-27,83.42564147496887,5.313558725690656,121984.26880254489
2023-02-28,90.8591615276006,5.3490265734522815,111556.27838452248
2023-03-01,67.95993034588493,4.745030757980977,109532.37575282628
2023-03-02,92.28551301354587,5.0521236588639775,111857.39954738271
2023-03-03,83.50957032465303,5.181854003707961,113265.20009281737
2023-03-04,83.84745586476132,5.055174925403981,95651.15556472851
2023-03-05,83.08001779741545,5.1203240527247935,97725.73911973981
2023-03-06,72.43187215334473,5.051958692910822,111875.88261097214
2023-03-07,91.92778184913641,5.233505876062701,106982.05799399306
2023-03-08,68.09786262196795,5.058719706754827,96594.52186691407
2023-03-09,81.74667326763154,5.297935278505254,113830.22092392562
2023-03-10,69.8117949812139,5.113732787342128,115960.21123259817
2023-03-11,94.68297725050587,5.314831277839552,118729.16727417131
2023-03-12,77.57037486386452,5.504311746391022,109652.27786039907
2023-03-13,74.92573590081153,4.7815940392402405,99470.49406911319
2023-03-14,72.40208281033877,5.145733493427503,100887.96600365144
2023-03-15,69.59901194388782,5.294372880956433,121103.17607579211
2023-03-16,71.16187501028949,4.962348335228297,117918.86162015103
2023-03-17,72.3304025451257,5.238698200894135,118811.41911963659
2023-03-18,90.53577519786664,4.826834728569921,118718.48974699879
2023-03-19,84.43336316803851,5.713351629523031,117585.04739678939
2023-03-20,71.59000410210227,5.593435859024889,109413.1187921763
2023-03-21,68.46457759698922,5.770789438626793,112973.4123514686
2023-03-22,71.02550677351809,5.6552489591027095,104382.38728449914
2023-03-23,88.20714097152971,5.639931955778638,116011.9488880098
2023-03-24,80.98719509516752,4.758386614595797,107286.13823814475
2023-03-25,79.80831478862021,4.884545912218227,96204.886826947
2023-03-26,79.69490297228657,5.5652210019916355,118778.90447539066
2023-03-27,74.41265138046647,5.635685964974709,119430.94023139562
2023-03-28,93.85272435204902,5.098096281601716,111182.1038515546
2023-03-29,73.53832850664203,5.675798596996077,107574.42570886642
2023-03-30,92.57634893549697,5.513962824021058,97784.77693634685
2023-03-31,95.00735138094205,5.448845053986096,122137.36687584184
2023-04-01,71.69447540065403,5.123738306829462,111785.67848118994
2023-04-02,89.29910003912678,5.597960816576657,100226.60004403861
2023-04-03,83.53149344432038,4.850845653414996,124013.47158537379
2023-04-04,95.00776699299459,5.0433317779473485,125305.21864074579
2023-04-05,91.81414898061038,4.989094724083689,126667.33228930229
2023-04-06,67.14564878939257,5.523077344687126,115779.48836860903
2023-04-07,73.68621667210999,4.87780187868653,110092.79462156593
2023-04-08,84.33006623921388,5.330881123724417,121716.62419021405
2023-04-09,71.55888736481297,5.408412884100027,111941.9202761705
2023-04-10,86.66315067352178,5.19220897550391,121373.73070681993
2023-04-11,67.87600030665222,4.776783978973452,103713.71803637843
2023-04-12,76.82293481271496,5.374274195565748,122471.65903658804
2023-04-13,78.6845384420425,4.927235066513266,107227.49895161582
2023-04-14,89.80246608435606,5.735308552722816,122700.37165245389
2023-04-15,87.79935746045416,5.663607413062294,101994.64564018016
2023-04-16,71.10557120930763,5.2799243686282535,106534.55878439442
2023-04-17,87.47964385626965,4.764442491531693,105421.67969199356
2023-04-18,88.77323675538302,5.053653850091841,115127.32605377154
2023-04-19,91.51641658977402,5.450548237241941,115720.88813918526
2023-04-20,83.90536563581118,5.142937285945002,125715.3412166628
2023-04-21,79.05836550105722,5.62876719915408,114376.20006839071
2023-04-22,90.60827063684133,5.596520203906316,116730.61393487018
2023-04-23,76.52145837564812,5.648833848814459,106878.6626083247
2023-04-24,67.3137682639668,5.635870361304581,122462.79077373883
2023-04-25,91.26422947451326,5.498457262797991,103012.64328944815
2023-04-26,76.7242873428439,5.720878520983388,105867.52732857644
2023-04-27,74.64221080407692,5.581809845492266,105682.2519672299
2023-04-28,67.92807098680679,4.704707281429035,126279.52571186557
2023-04-29,79.19192910061815,5.7123583512364595,102671.2902343743
2023-04-30,71.96603390976719,5.237690237910871,121339.21758521575
2023-05-01,91.66778232663982,4.824904027087833,114041.93317110342
2023-05-02,92.14361140784274,4.948395958861948,106116.74906868413
2023-05-03,74.15474680065554,5.498182195531441,97597.94670356564
2023-05-04,82.70595343025155,5.746438096228755,120911.0401847383
2023-05-05,86.89516772940917,5.318933173886318,123558.27064000715
2023-05-06,81.6561469052143,5.039339144841304,114899.32520142086
2023-05-07,72.87461116934516,5.7297015195699155,106358.72160970527
2023-05-08,86.3857023115624,5.1298296716957035,126577.74112049124
2023-05-09,76.0664179151082,5.575026551435186,99718.53174324047
2023-05-10,75.58682993514944,4.9037228300537015,116269.4359106352
2023-05-11,82.235661507164,4.828919586120923,126563.67551537442
2023-05-12,94.52876290547555,5.149823184323912,99639.63683987796
2023-05-13,73.25241052881623,5.680762454478255,121886.76587262924
2023-05-14,78.77114818294774,4.888660591940174,105095.22171009592
2023-05-15,67.74419873282346,5.345864077782219,115380.47184394427
2023-05-16,69.27424535152826,4.903931131428254,97039.0689456749
2023-05-17,75.49295303653842,4.8281888366324965,111377.44986670307
2023-05-18,82.04557119510058,5.635893711919875,122486.41760001014
2023-05-19,83.80658060826862,5.717593377101508,126494.7377146346
2023-05-20,72.4048195839992,5.310155603053737,123715.12171486761
2023-05-21,90.79333497822454,5.503233088369788,112069.84023312244
2023-05-22,70.25700983699873,5.210165948337487,106818.25843821092
2023-05-23,72.18453420090027,5.494685737081426,97496.2876124496
2023-05-24,68.73168189814339,5.612967310599825,109412.47863704067
2023-05-25,83.34756694872021,4.756664069964602,117809.17447701507
2023-05-26,80.49783694868432,5.244063885399536,116392.25406722722
2023-05-27,89.40402785782551,5.159912236721713,116076.27734837135
2023-05-28,71.34239595601137,5.503196439262276,111982.01456142114
2023-05-29,83.5981565247639,5.56453718852384,120257.78663417301
2023-05-30,77.07396115990223,5.774641878155566,97082.84941441627
2023-05-31,77.19305906014498,5.201736101987535,99913.68636232491
2023-06-01,74.879665050605,5.71928179838207,100002.85046967406
2023-06-02,67.91353184862567,5.60518361830245,123202.18406045914
2023-06-03,87.3855020823731,4.762366906349623,114365.07884670093
2023-06-04,72.21249026200913,5.339628923505273,108081.68864219134
2023-06-05,71.87676957771488,4.717221659989857,111151.9890356759
2023-06-06,70.85999970568176,5.111976946608712,100719.40881544932
2023-06-07,73.90277896222581,5.40726570050529,123295.46683097768
2023-06-08,94.7127118464862,5.193900239832911,117294.49593235819
2023-06-09,78.38353552086082,5.260066945369926,125759.03163569557
2023-06-10,91.23783162874936,4.729850833280461,110767.77787243329
2023-06-11,92.7332382928619,4.778662924030381,123686.19928750848
2023-06-12,72.25169176416337,4.867571578924807,95888.27752994567
2023-06-13,81.84053248392087,5.115512528985238,118471.07784130881
2023-06-14,91.2662453992798,5.2981967926358156,123419.53547020878
2023-06-15,74.0460350855128,5.147044137575511,115047.4348480126
2023-06-16,83.4086957205522,4.943455613463733,115278.26675417597
2023-06-17,85.19317345215133,4.897158689222801,106826.80982196072
2023-06-18,73.94671468290382,5.6869444173343116,113259.41460928594
2023-06-19,80.6549949379342,4.946896038670594,119261.71930284979
2023-06-20,67.82141275865497,4.899528670608594,106941.14939955786
2023-06-21,67.20661850621998,5.187961284099348,113288.24969845157
2023-06-22,87.3672496369433,5.621350972510636,124996.33143338296
2023-06-23,70.22182388829073,5.569989245898878,106760.78162795142
2023-06-24,74.24409622388232,5.716248937945935,100321.50638407767
2023-06-25,89.13410101506713,4.930226321070134,105229.83329096437
2023-06-26,90.5129910443747,5.38310783723129,98797.4117688236
2023-06-27,95.00926942836215,5.513863830665488,108269.81836876596
2023-06-28,68.29698608788766,5.568104169669273,118296.98056185192
2023-06-29,77.1309310441665,5.415349660239645,95622.71701932917
2023-06-30,69.09004537141325,5.143845889391041,95842.560460088
2023-07-01,91.05184650057143,5.097754913539937,102503.58850146952
2023-07-02,76.76241916056308,4.931127088358068,122375.98393502715
2023-07-03,89.5696454071719,4.786577272885164,103969.47144244713
2023-07-04,89.71254041301695,4.76132717463043,104373.01223239044
2023-07-05,88.60846797685832,5.303964229059588,119879.16230592394
2023-07-06,75.797656715798,5.383685907758557,110632.80880939728
2023-07-07,85.05048440684453,4.776255977092975,100036.15287351377
2023-07-08,76.23612118071783,5.076189963001058,113478.78673776047
2023-07-09,81.82519142420634,5.036623404457415,99110.71518981319
2023-07-10,73.27716337667749,5.446052681828341,125717.3459053332
2023-07-11,87.1289039914505,5.383458409993407,109426.395647174
2023-07-12,94.2805446289548,5.029265792335356,96049.77394426744
2023-07-13,91.85201497771726,4.922471220645631,102659.40496727121
2023-07-14,84.91475414757168,5.749289016186059,109893.9338454043
2023-07-15,69.19737645327528,5.1734736253151,99436.5600450659
2023-07-16,71.7776451380276,5.06290696895611,114730.2486190382
2023-07-17,67.86192369586342,5.79833071522001,104347.90484710042
2023-07-18,79.4653547747432,5.581542314848574,120253.22129017179
2023-07-19,71.1084879285147,5.5080425550389664,102302.9973019099
2023-07-20,85.90707440299396,4.900933902375751,126355.5577658883
2023-07-21,72.96469666285137,5.321495754314698,124711.24618433366
2023-07-22,87.0749474295677,5.403644972007076,115550.39251565597
2023-07-23,73.21446405611972,4.773175276490345,107126.84404168768
2023-07-24,69.74560652475533,4.831738959719081,100656.0241512547
2023-07-25,77.20773681881393,5.214249406628111,105944.75634124798
2023-07-26,90.98214729866008,5.530335849781532,114811.72164842967
2023-07-27,78.61367080940974,5.555023319976385,102797.65755979615
2023-07-28,81.89965483421382,5.3786150857012345,117631.63278368644
2023-07-29,68.46089971844198,4.7328937867545005,111699.31930971214
2023-07-30,89.28023208618235,5.788907411224198,95428.9332433041
2023-07-31,82.28460911274226,5.743092847775946,113528.64083660624
2023-08-01,69.62443223198858,5.332935687151984,119469.47236537404
2023-08-02,72.37802930291431,5.160186229089015,118393.55894297842
2023-08-03,69.50540662401048,5.295147459611351,105468.2603390887
2023-08-04,90.79130161703341,5.371029383914268,113945.78346104214
2023-08-05,92.1101551503099,4.777934478919923,126577.04594852914
2023-08-06,87.39070818988756,4.707768084556163,115808.1607299198
2023-08-07,92.77103956458791,5.34936112086279,119316.27215585926
2023-08-08,79.7685343540868,4.8469872765993385,123131.40864242682
2023-08-09,67.16653617620015,4.80349639232822,112758.68500656474
2023-08-10,93.5013481802871,5.652103650714378,124307.80096923785
2023-08-11,69.6604807422426,5.176724460140678,120459.68668296745
2023-08-12,85.379400066623,5.248885544923226,96767.03698404442
2023-08-13,73.14658695199064,5.331944884707634,112549.31961620053
2023-08-14,86.61186215042038,4.92312888398524,115161.04948243563
2023-08-15,72.81605349511773,4.983264913423452,102234.38409360308
2023-08-16,93.61736554722083,4.999602607914066,107628.8749627331
2023-08-17,69.59998589596066,5.731450106281452,104319.59393395315
2023-08-18,79.18888899692773,5.620465057939443,125619.1608829049
2023-08-19,74.22861616400846,5.6529710734747,107952.39483627344
2023-08-20,75.94674125450868,5.1296137150018515,114778.16723654463
2023-08-21,68.94390126528049,5.2206221644568735,110000.96521164324
2023-08-22,94.0211680196892,5.274438198917761,97853.78724272025
2023-08-23,70.0986025802533,5.481927382943906,96628.26327355104
2023-08-24,77.4597677834494,5.159859480364185,119817.28349028454
2023-08-25,93.91399937810107,4.846295789777871,104776.90486202903
2023-08-26,70.53501274196708,4.932787346472659,107495.40417831842
2023-08-27,90.71696963058533,5.113960557114248,119664.15248814915
2023-08-28,86.11244964045719,5.595680188587953,98342.20243009363
2023-08-29,83.1213190583471,4.84621828889354,95623.11704766256
2023-08-30,90.05812880969323,5.546135178347527,101569.58332453408
2023-08-31,89.08112860867413,5.0410743213267315,100801.3883988755
2023-09-01,70.50702137777431,5.67397820780413,117804.14903056754
2023-09-02,85.83134916576621,5.132430853281137,115602.96885432633
2023-09-03,72.38197024801796,4.906775621311177,117240.09239569964
2023-09-04,72.33110251325368,5.6496617202859,106231.77717664542
2023-09-05,82.66745955411997,5.3296913550554725,99436.6993264319
2023-09-06,76.57896360986628,5.611550372453547,110931.79905040693
2023-09-07,73.83196599919634,4.735087726194273,110079.9999486634
2023-09-08,91.14267452312562,5.620309613097398,122056.42265043204
2023-09-09,87.91368996140542,4.938199007062791,105541.49148737206
2023-09-10,86.23263401965889,5.6270350250622565,120421.03950423715
2023-09-11,75.67668125367793,4.7007758031180815,124193.64507886059
2023-09-12,88.4441152367601,5.4024935714744435,100173.93513248437
2023-09-13,74.23265105465015,5.640745120819871,124343.8604908929
2023-09-14,72.00384993989405,5.64377883487968,123727.16262674956
2023-09-15,74.13719523525428,5.332143164373702,119228.27839579343
2023-09-16,71.90097407171685,5.767888050160199,100981.85132864244
2023-09-17,73.21579659690642,4.849247720324875,96109.43871678616
2023-09-18,87.43108658549176,4.828392157847196,124345.5014083265
2023-09-19,70.72519342051454,4.9489295001885365,109941.80791850243
2023-09-20,69.2971049078828,5.264267916276714,126160.93225045527
2023-09-21,89.76978588954537,5.068538528824429,102753.61231369841
2023-09-22,81.83977619717433,5.61716458548079,101320.78675778216
2023-09-23,91.49022647106844,5.350243459451594,118539.43602521624
2023-09-24,86.95651540087148,5.316104917989303,96829.50990584277
2023-09-25,67.35152569297794,5.516506595649805,109838.0318436125
2023-09-26,69.25785489399274,4.825015147456138,109506.82693392536
2023-09-27,74.16573091464498,5.12450926058427,118290.66136220934
2023-09-28,81.30976549809759,4.773343629759308,103200.32064283841
2023-09-29,76.10603441284839,5.183101293161389,95871.04441855378
2023-09-30,79.5956299572123,5.615571011441894,101337.77473967412
2023-10-01,74.26354662777118,4.9107297347456464,126923.30179547911
2023-10-02,69.72691941690981,5.3476525272749935,103822.63518950727
2023-10-03,82.47020262422288,5.118301128161219,96816.84975740804
2023-10-04,68.9485933831418,4.7354713372136406,111460.39091894924
2023-10-05,91.23742260630182,5.117758071925213,97687.60300701417
2023-10-06,79.87897682127874,5.116503093591429,97409.7356272582
2023-10-07,73.68922686782645,4.878231132734604,121402.25647496693
2023-10-08,71.2020576049208,4.829388349024377,117670.20144202604
2023-10-09,74.24300029302923,5.64629051782821,102683.41690345701
2023-10-10,86.20550620921959,5.341160386724506,113828.76534241377
2023-10-11,81.55361447821623,5.148461421308842,97524.05157905628
2023-10-12,94.8181534036425,5.442949394862998,98710.98227065327
2023-10-13,86.7736223155033,4.985044656807475,97867.44683728118
2023-10-14,73.16274165609674,5.308351096054894,103922.22803407289
2023-10-15,89.55008980794557,4.915621158969976,105323.73624824626
2023-10-16,75.72065335038982,5.13355034061507,107750.35497370154
2023-10-17,91.79183949652892,4.748858436380566,108434.3629703213
2023-10-18,93.14388588558737,5.011919938001409,104399.49928892069
2023-10-19,90.81007971181143,5.30869301798662,99459.83265124784
2023-10-20,67.10613307175544,5.355077997037386,116295.93607551361
2023-10-21,90.08839325633028,4.722338998347321,95489.96696928966
2023-10-22,67.77295913668542,5.024217272695486,126388.52961147246
2023-10-23,93.58585707648271,4.728995422156603,126157.06951243864
2023-10-24,86.50847093547853,4.749374538715829,106372.38207961082
2023-10-25,72.45211662420304,5.528444984516284,96585.79014706782
2023-10-26,76.22601029091206,5.470807620481375,117587.57065511173
2023-10-27,93.75160356190257,4.942320673659207,123499.89721982833
2023-10-28,81.43829572543332,5.13505631124631,113385.91116920541
2023-10-29,74.046166171161,4.863422241050771,126719.74135315156
2023-10-30,93.6462854076131,5.43845519731772,122559.647388013
2023-10-31,71.33349246341407,5.641641579654454,96145.85819782432
2023-11-01,90.57395792388652,5.134660607704668,114067.36648486953
2023-11-02,82.48610819396445,5.527079075191542,99904.47665391062
2023-11-03,70.71391792580339,5.532752196547797,123226.4991762613
2023-11-04,85.02536328245213,5.792037008188608,124982.52925206746
2023-11-05,88.07033599384292,5.64976718735406,109601.44947891195
2023-11-06,71.8075438482762,5.679672870120755,114558.12534412275
2023-11-07,70.12700578595684,5.395909636279065,98235.71803630087
2023-11-08,94.61113164450262,5.730215125727943,109084.29578714879
2023-11-09,69.50871947474958,5.630449333021667,120699.18307992793
2023-11-10,74.36843919088776,4.860868511604245,111719.80540328154
2023-11-11,93.69239217168129,4.862231313388431,96584.04285749777
2023-11-12,81.76844828077799,5.507043187938648,124697.72467084696
2023-11-13,70.7275700996009,5.277441246963134,122162.64336588552
2023-11-14,75.66919274985793,5.107531633252227,114132.71624699801
2023-11-15,74.90813486912224,5.75201508252788,125302.74933095466
2023-11-16,71.4029013255417,5.077874925470553,114872.16229590196
2023-11-17,75.62866219460683,4.700033191309331,114932.9550906374
2023-11-18,91.77065046432715,4.926073605617997,123260.87165564181
2023-11-19,74.91622132823167,4.931340156008084,97201.80412368508
2023-11-20,84.1005365536958,5.547994373457338,107061.42373987634
2023-11-21,90.58190031392117,5.363052038168901,108337.1067139895
2023-11-22,73.8956017790109,5.661614010460156,110214.73203183402
2023-11-23,84.03976052344812,4.8966951383580595,111310.79846993287
2023-11-24,91.54690901428765,5.066317584362544,108131.872303182
2023-11-25,87.17051946864922,5.5586241380087245,108262.20749401102
2023-11-26,86.54179255368953,4.790432426152914,99372.69279946083
2023-11-27,81.47341931156974,4.757016048972214,99421.2913163671
2023-11-28,83.37148978946706,4.851329179484694,112614.14957004078
2023-11-29,94.62690450652336,5.569692944667196,115114.06790227127
2023-11-30,91.01133989230537,5.772041338433887,108796.4252124083
2023-12-01,74.2839782460553,5.630645579351333,113953.15270009951
2023-12-02,91.94232532415225,4.711932004933322,105788.9924114997
2023-12-03,90.04373740568161,5.1611229357011155,106358.21914526811
2023-12-04,81.14707883314243,5.643043849182131,123611.01862850743
2023-12-05,79.92627346364951,4.8229499030671725,102300.78997520836
2023-12-06,80.91658590293483,4.80208872009234,106571.16700852534
2023-12-07,68.7504945339093,5.27866367926717,107066.00925374539
2023-12-08,74.04891281239121,5.493756875734191,95220.945120528
2023-12-09,85.05517160644455,4.937359715758685,124022.0960736818
2023-12-10,92.53290091178354,5.339127696403907,114943.63819349697
2023-12-11,66.90827329247426,5.774272384282441,104213.56090302099
2023-12-12,87.53618863639511,5.366465168502645,109697.91112761505
2023-12-13,76.7851272570113,4.970129466401174,111037.98953834825
2023-12-14,83.76962605892818,5.48536097904259,104735.35840929578
2023-12-15,73.31759136315891,4.814197529847974,126734.31648629688
2023-12-16,89.65314983337093,5.550525414583359,108166.35416898761
2023-12-17,89.01233872249676,5.504351916129204,124766.24620486451
2023-12-18,91.6436959521584,4.9847368034190485,97041.58047239367
2023-12-19,92.25490503779017,4.836625276605008,115253.38845319094
2023-12-20,90.95233462635895,5.00913378617351,96609.93989958431
2023-12-21,89.4958495507584,5.63328485445723,102797.0741285463
2023-12-22,90.92048026795086,5.290388170974296,99843.02804208237
2023-12-23,86.58726296603741,5.49062114169776,112628.64205589135
2023-12-24,80.79284913426058,4.820273122526646,119204.4729547009
2023-12-25,74.7674358371889,5.298004433502096,113254.33603965316
2023-12-26,68.28105674758142,4.740387701861649,117012.2798799894
2023-12-27,73.64627522334168,5.44408850910234,126387.72392909628
2023-12-28,75.79669780942625,5.537471027888792,123746.17710020173
2023-12-29,85.57751700890664,5.338887045517159,107547.75219288567
2023-12-30,71.93622659494531,5.7125897479004655,98572.89077554159
2023-12-31,74.53998062609621,5.033027259357015,108390.40480354839
2024-01-01,82.80517811807908,5.4259595954809745,98921.92495977077
2024-01-02,69.13287798172428,5.140056946409473,99745.4682880284
2024-01-03,78.20648298014162,4.95980653078726,101498.55098589645
2024-01-04,68.4963498522269,5.311178826620348,107562.92538791805
2024-01-05,78.74220347078015,5.278741263471218,118331.41615074358
2024-01-06,79.69617535495424,5.7532369500452605,104539.41040869721
2024-01-07,70.11996361711063,5.00721115301422,104949.7335948824
2024-01-08,78.75799960490113,5.485751955478159,115991.17820976817
2024-01-09,88.58910561090961,5.498921922917576,116885.41829916915
2024-01-10,89.9899920416503,5.350658502373952,120878.10675497857
2024-01-11,78.96630480398039,5.098247154734475,122781.47858452747
2024-01-12,82.13467135972255,4.70110137135889,112717.46057061592
2024-01-13,88.76848519591047,5.3237647564675905,122045.43292144052
2024-01-14,88.50322472808773,5.170751840297821,107097.70355969353
2024-01-15,74.16643133105521,5.656443290040983,112192.67165677193
2024-01-16,90.05196894196158,5.315631606468481,101155.34671632068
2024-01-17,69.2961670470461,5.351363050425717,119964.6058568253
2024-01-18,93.77007103598017,5.4663596436296515,101502.85160737032
2024-01-19,75.13854901277462,5.35277871614653,98613.41144500022
2024-01-20,89.20758139787458,5.71525228312882,101302.84811089576
2024-01-21,80.85567642899541,5.630343397335836,101344.15950673546
2024-01-22,77.53249600498181,5.478227220761307,109392.37684964004
2024-01-23,79.99344993206165,5.4158706859663415,99284.97724757767
2024-01-24,78.2022804122593,5.699016285600723,115733.09493399094
2024-01-25,79.71517685799587,5.764104743418248,108994.97393665649
2024-01-26,81.19202806803756,5.7892024727887454,99700.28058632194
2024-01-27,86.22244069264983,4.793349771768829,125566.52442489035
2024-01-28,72.41342386451831,5.551147453638965,96559.88917331409
2024-01-29,67.66087549410382,5.683576110531392,119137.63482465915
2024-01-30,86.1857729640178,5.617335072565925,108828.79698300504
2024-01-31,91.57617965910401,5.385500648267725,108258.66837311721
2024-02-01,80.40690319621072,5.251374932646362,124049.86594333408
2024-02-02,83.62152022358232,5.097301138828187,119018.61384835007
2024-02-03,93.11990659071853,5.067599603490652,96806.61748857712
2024-02-04,69.29434914997098,5.260047858260628,117571.70026934084
2024-02-05,75.23660533416526,5.480345070393591,99158.0653910791
2024-02-06,87.8361853817647,5.400308409467131,103563.44759928645
2024-02-07,93.4906995268125,5.641530069547127,120750.52726275432
2024-02-08,69.09317339896384,5.531920894981213,96300.96719971488
2024-02-09,91.0547663947786,4.753719082592292,126405.91319285463
2024-02-10,84.20301228746179,5.707980947927012,119794.22317359387
2024-02-11,85.84876340053766,5.374879622310899,98779.07931202694
2024-02-12,70.0702104314894,5.741394534012711,96809.39030449948
2024-02-13,68.09680801830409,5.545440077848549,116873.29345277007
2024-02-14,67.4332148748763,5.012045932458623,109047.12195261352
2024-02-15,68.44288021943214,5.0230401352579115,108395.1508590007
2024-02-16,73.86220632235542,5.01409610477928,109228.48670454549
2024-02-17,81.7704706459583,5.568156569103701,103520.21846574484
2024-02-18,86.61168752995755,5.725458152101073,107699.82292012057
2024-02-19,90.7592469860189,5.165005572447108,106018.8378167486
2024-02-20,79.6931210900283,4.748338645860558,107930.86901100572
2024-02-21,78.10321276306449,5.167464134454114,119244.55817837882
2024-02-22,68.07954249357819,5.158291056001492,123554.70910291732
2024-02-23,77.12407826440581,5.1147846645114035,109445.60419762845
2024-02-24,78.6190499912019,5.105090355321816,120286.38593679962
2024-02-25,70.95483497532902,4.825394765729674,112351.5037381434
2024-02-26,82.05713271530568,5.740214741587182,124886.57227620218
2024-02-27,84.09039726455013,5.494259963648065,125259.71397915951
2024-02-28,69.9115533273563,5.712327613859376,95347.93631865512
2024-02-29,82.21214051555954,5.22589299600872,118687.83657956895
2024-03-01,92.745931159356,5.6345467615610225,120665.21058004726
2024-03-02,77.29435286809766,4.712025568726005,121694.09572595195
2024-03-03,94.89551690943445,4.7807464970878275,107344.8968481245
2024-03-04,87.48621803941494,5.393922879929801,111403.16046356686
2024-03-05,86.71630116291134,5.127500493411276,107154.47666729323
2024-03-06,73.75616255447353,5.44780271115724,103218.23969632467
2024-03-07,91.34127804959098,5.067520472047046,121182.30155279723
2024-03-08,88.85582011290734,4.87793802544913,125399.08107837793
2024-03-09,94.34112439334623,5.009902007898103,120994.29775428362
2024-03-10,81.88174640350492,5.493291908980016,126434.08383075174
2024-03-11,79.41895364174599,4.934535637816714,107783.98875182641
2024-03-12,74.12164863124183,5.426357295000354,99049.86232488962
2024-03-13,70.49735389232539,5.522966703169905,96496.29165668132
2024-03-14,69.14745455879164,5.747951501592791,123688.45244833844
2024-03-15,79.49159944514102,5.020650128978931,95277.76047585088
2024-03-16,75.97134565625053,4.80468417936328,98362.32748121969
2024-03-17,84.25866095678494,5.58306964021643,101216.04514166627
2024-03-18,79.61807035480975,5.744473352858838,95449.56524126831
2024-03-19,83.35467729720901,5.271961706370847,115751.58626883735
2024-03-20,72.07625194576732,5.439586392056998,102692.96261844465
2024-03-21,85.94343373583052,5.725085242610816,106503.48247003327
2024-03-22,66.80447288650015,5.266697068737159,100892.44919467486
2024-03-23,87.75122077309612,5.678628266917365,96000.0232359114
2024-03-24,72.6951733102895,5.126138589675758,126122.72884180755
2024-03-25,88.09881771093279,5.085912714440148,120435.42311299063
2024-03-26,88.38952739103125,4.906442195423824,97151.36799934314
2024-03-27,71.03260404105599,4.773467451331709,117003.40523247728
2024-03-28,84.97102653513004,5.10952835977332,123789.08512717584
2024-03-29,81.63909635866435,4.769438557156778,119922.309587956
2024-03-30,94.62485573615322,5.108459174106767,101376.59104250625
2024-03-31,70.92233874490694,5.355526183587558,106462.51516242097
2024-04-01,86.54429490737198,4.8881276232930535,96848.68694358562
2024-04-02,83.2491580150699,5.3115577872562385,102841.18643292971
2024-04-03,79.24002133545275,4.965249301008133,100682.40779802551
2024-04-04,76.10944569741164,5.10825286547882,120303.5470623176
2024-04-05,86.80701484977227,5.279303304609399,100257.81001192918
2024-04-06,84.22947650514008,5.272833851305223,119299.68621475332
2024-04-07,81.0407069169211,5.202220411522949,107061.22555835902
2024-04-08,94.47684180367632,4.740089942270409,118068.95520937763
2024-04-09,84.5966145504647,4.7448769582098285,96600.83884830266
2024-04-10,67.42169810493482,5.513942409564585,99411.35221693864
2024-04-11,89.89063554266488,5.433694071806617,111037.8404073939
2024-04-12,71.3711735994838,5.367332535068727,108607.75535145839
2024-04-13,67.65621523354307,5.281021307185571,117412.18609491894
2024-04-14,75.07955994813639,5.6263887576306395,104038.64917281677
2024-04-15,90.72986667329627,5.48535710675932,112539.40340438514
2024-04-16,87.5449521715383,5.324602203549084,111661.98028085062
2024-04-17,72.1755064186521,5.293294426288457,126012.17869562708
2024-04-18,87.11786395646138,5.767521387933762,104688.84023999017
2024-04-19,92.92327208854434,5.778051636694539,123427.49475149096
2024-04-20,74.16528915857967,5.460108962389128,102916.0460861008
2024-04-21,82.4395647852992,5.047957502884425,106186.61716894306
2024-04-22,89.30842504557901,5.249138535643789,115771.90606083919
2024-04-23,70.121844290738,5.465365253190959,117752.68730008733
2024-04-24,81.56527588167314,4.837585986977858,104242.51297790237
2024-04-25,83.19567344947527,4.723415163031688,112520.40616557977
2024-04-26,86.07513085695584,5.538159767688346,102502.70188380593
2024-04-27,84.34392736961264,4.705308111985004,125398.46660804527
2024-04-28,91.31675956609419,5.196607503058757,113069.99217825946
2024-04-29,92.36667171809758,5.608277096144588,122083.29639620538
2024-04-30,81.1718303184563,5.161389003058683,101034.49658860243
2024-05-01,69.9880127090822,4.918420340649231,100841.06940452683
2024-05-02,85.97180265640145,5.060103848218972,95243.43093869036
2024-05-03,89.36004116644939,5.004066796085879,101177.0748061687
2024-05-04,70.17938523201057,5.585991683260369,98427.3503003177
2024-05-05,69.73710837956543,5.108617774698195,124933.54201996222
2024-05-06,82.22999465156268,5.736900611770384,99952.61677638405
2024-05-07,90.15598022376523,5.749020909590781,112082.30685520946
2024-05-08,88.7063865213047,4.730406145745571,96794.2587769772
2024-05-09,74.25477774629485,5.45978686883218,99315.03298127987
2024-05-10,83.4101410604467,5.416316214762441,110631.31438373624
2024-05-11,89.55738734411437,4.8385168810105945,101208.98356528603
2024-05-12,81.73064215389887,5.580274436464477,119397.96355479257
2024-05-13,85.46081944756781,5.041246490780263,103032.88738642764
2024-05-14,83.46303334005253,5.514649361513067,111646.00350723119
2024-05-15,88.76905080381124,5.252672258480783,113118.30889905589
2024-05-16,70.82088912017988,5.74784389970134,116523.42006831712
2024-05-17,87.53614317723793,5.69486370454512,121902.03463300354
2024-05-18,78.66089674178865,5.37780197021023,99424.40966184963
2024-05-19,78.89773209403361,5.024243666319561,121394.09627899462
2024-05-20,79.88026085824384,5.405932349638881,119152.36325595342
2024-05-21,77.19644790557403,4.844091994167762,121489.08646820603
2024-05-22,80.00324872873317,5.4543878635312835,104885.7841009497
2024-05-23,73.87648726417305,5.201530237514356,123971.57098179462
2024-05-24,77.40122651972644,4.993532682672029,104722.57704180671
2024-05-25,84.36246433010305,5.353144118124963,121994.71293682828
2024-05-26,77.71751037961418,5.351846754362479,108626.98725096049
2024-05-27,81.51312739420773,5.305508294807057,105977.36748949472
2024-05-28,68.80598532475621,5.660175027759378,124093.25370492612
